<?xml version="1.0" encoding="UTF-8"?>
<!DOCTYPE coverity SYSTEM "coverity_config.dtd">
<coverity>
<!-- THIS FILE IS AUTOMATICALLY GENERATED - YOU MAY ADD XML ENTITIES -->
<!-- TO UPDATE THE COMPILER CONFIGURATION AFTER THE begin_command_line_config CLOSING TAG. -->
    <cit_version>1</cit_version>
    <config>
      <build>
        <compiler>
          <template_compiler>true</template_compiler>
          <comp_name>cov-buildless-capture-capture-config-files-0</comp_name>
          <comp_translator>capture-config-files</comp_translator>
          <comp_lang>Non Compiled</comp_lang>
          <comp_generic>capture_config_files</comp_generic>
          <file_include_pattern>$capture-config-files$</file_include_pattern>
          <file_exclude_pattern>[.]cache[.]js$</file_exclude_pattern>
          <file_exclude_pattern>[/\\]node_modules[/\\]</file_exclude_pattern>
          <file_exclude_pattern>[/\\]jquery[^/\\]*[.]js$</file_exclude_pattern>
          <file_exclude_pattern>[/\\][^/\\]*-vsdoc[.]js$</file_exclude_pattern>
        </compiler>
        <options>
          <id>capture-config-files-cov-buildless-capture-capture-config-files-0-.*</id>
          <begin_command_line_config></begin_command_line_config>
        </options>
      </build>
    </config>
    <md5>dc65611ee3fc16ecc053abe124d4088d</md5>
</coverity>

