<?xml version="1.0" encoding="UTF-8"?>
<!DOCTYPE coverity SYSTEM "coverity_config.dtd">
<coverity>
<!-- Version 2024.12.1 -->
    <cit_version>1</cit_version>
    <config>
      <include>$CONFIGDIR$\template-javascript-config-0\coverity_config.xml</include>
      <include>$CONFIGDIR$\template-html-config-0\coverity_config.xml</include>
      <include>$CONFIGDIR$\template-typescript-config-0\coverity_config.xml</include>
      <include>$CONFIGDIR$\template-jsx-config-0\coverity_config.xml</include>
      <include>$CONFIGDIR$\template-vue-config-0\coverity_config.xml</include>
      <include>$CONFIGDIR$\template-capture-config-files-config-0\coverity_config.xml</include>
    </config>
</coverity>

