{
  "type": "Coverity CLI Diagnostics Data",
  "version": 1,
  "general": {
    "coverity-static-analysis-version": "2024.12.1"
  },
  "capture": {
    "primary-capture-mode": "Auto",
    "command-line": "coverity capture --language javascript --dir cov-int --project-dir .",
    "working-directory": "C:\\VKR\\workflow-app\\auth-service",
    "project-directory": "C:\\VKR\\workflow-app\\auth-service",
    "intermediate-directory": "C:\\VKR\\workflow-app\\auth-service\\cov-int",
    "configuration": {
      "command-line-overrides": [
        "--language",
        "javascript"
      ],
      "effective-configuration": {
        "capture": {
          "languages": {
            "include": [
              "javascript"
            ]
          }
        },
        "commit": null,
        "caching": {
          "bytecode": true,
          "tu": false,
          "wur": true
        }
      },
      "configuration-hash": "15cf3e24f3a066aa312ffae3bf409ab23127d01ddeaa756aa44c869de2e19508"
    },
    "capture-summary": {
      "failed": 9,
      "files-captured": 104,
      "ignored": 53,
      "lines-of-code": 9452,
      "succeeded": 104
    },
    "capture-rate": 92.03539823008849,
    "command-info": [
      {
        "command-line": "C:\\coverty-tool\\bin\\cov-manage-emit --dir C:\\VKR\\workflow-app\\auth-service\\cov-int create",
        "cwd": "C:\\VKR\\workflow-app\\auth-service",
        "start-time": "2025-12-09T15:10:34.0744502+03:00",
        "end-time": "2025-12-09T15:10:34.2092838+03:00",
        "duration": 134833600
      },
      {
        "command-line": "C:\\coverty-tool\\bin\\cov-manage-emit --dir C:\\VKR\\workflow-app\\auth-service\\cov-int list-capture-diagnostics",
        "cwd": "C:\\VKR\\workflow-app\\auth-service",
        "stdout-tail": [
          "{",
          "  \"type\" : \"Coverity Capture Diagnostics\",",
          "  \"format_version\" : 4,",
          "  \"captured-files\" : []",
          "}"
        ],
        "start-time": "2025-12-09T15:10:34.2244388+03:00",
        "end-time": "2025-12-09T15:10:34.3283478+03:00",
        "duration": 103909000
      },
      {
        "command-line": "C:\\coverty-tool\\bin\\cov-configure -c C:\\VKR\\workflow-app\\auth-service\\cov-int\\coverity-cli\\buildless-compiler-configs\\coverity_config.xml --javascript",
        "cwd": "C:\\VKR\\workflow-app\\auth-service",
        "stdout-tail": [
          "",
          "Generated coverity_config.xml at location C:/VKR/workflow-app/auth-service/cov-int/coverity-cli/buildless-compiler-configs/coverity_config.xml",
          "Successfully generated configuration for the buildless capture patterns: capture-config-files html javascript jsx typescript vue"
        ],
        "start-time": "2025-12-09T15:10:34.3305882+03:00",
        "end-time": "2025-12-09T15:10:35.3556029+03:00",
        "duration": 1025014700
      },
      {
        "command-line": "C:\\coverty-tool\\bin\\cov-internal-capture-files --dir C:\\VKR\\workflow-app\\auth-service\\cov-int -c C:\\VKR\\workflow-app\\auth-service\\cov-int\\coverity-cli\\buildless-compiler-configs\\coverity_config.xml --ticker-mode no-spin --append-log --capture-list-file C:\\VKR\\workflow-app\\auth-service\\cov-int\\coverity-cli\\capture-file-list-2288526382",
        "cwd": "C:\\VKR\\workflow-app\\auth-service",
        "stdout-tail": [
          "[INFO] Buildless capture started.",
          "[INFO] Emitting 141 Files.",
          "|0----------25-----------50----------75---------100|",
          "****************************************************",
          "[INFO] Buildless capture completed.",
          ""
        ],
        "start-time": "2025-12-09T15:10:35.3795768+03:00",
        "end-time": "2025-12-09T15:11:10.4294065+03:00",
        "duration": 35049829700
      },
      {
        "command-line": "C:\\coverty-tool\\bin\\cov-manage-emit --dir C:\\VKR\\workflow-app\\auth-service\\cov-int list-capture-diagnostics",
        "cwd": "C:\\VKR\\workflow-app\\auth-service",
        "stdout-tail": [
          "        \"id\" : 129,",
          "        \"source-language\" : \"TypeScript\",",
          "        \"capture-percentage\" : 100,",
          "        \"had-failures\" : false,",
          "        \"had-recoverable-errors\" : false,",
          "        \"had-abstract-syntax-trees\" : true",
          "      }",
          "    }",
          "  ]",
          "}"
        ],
        "start-time": "2025-12-09T15:11:10.4294065+03:00",
        "end-time": "2025-12-09T15:11:10.5630446+03:00",
        "duration": 133638100
      },
      {
        "command-line": "C:\\coverty-tool\\bin\\cov-manage-emit --dir C:\\VKR\\workflow-app\\auth-service\\cov-int @@C:\\VKR\\workflow-app\\auth-service\\cov-int\\coverity-cli\\cov-manage-emit-delete-resp-1213049683 delete",
        "cwd": "C:\\VKR\\workflow-app\\auth-service",
        "start-time": "2025-12-09T15:11:10.5702144+03:00",
        "end-time": "2025-12-09T15:11:10.7139872+03:00",
        "duration": 143772800
      },
      {
        "command-line": "C:\\coverty-tool\\bin\\cov-security-da --dir C:\\VKR\\workflow-app\\auth-service\\cov-int --ticker-mode no-spin",
        "cwd": "C:\\VKR\\workflow-app\\auth-service",
        "start-time": "2025-12-09T15:11:10.7139872+03:00",
        "end-time": "2025-12-09T15:11:10.8623552+03:00",
        "duration": 148368000
      },
      {
        "command-line": "C:\\coverty-tool\\bin\\cov-manage-emit --dir C:\\VKR\\workflow-app\\auth-service\\cov-int list-capture-diagnostics",
        "cwd": "C:\\VKR\\workflow-app\\auth-service",
        "stdout-tail": [
          "        \"id\" : 129,",
          "        \"source-language\" : \"TypeScript\",",
          "        \"capture-percentage\" : 100,",
          "        \"had-failures\" : false,",
          "        \"had-recoverable-errors\" : false,",
          "        \"had-abstract-syntax-trees\" : true",
          "      }",
          "    }",
          "  ]",
          "}"
        ],
        "start-time": "2025-12-09T15:11:10.8770322+03:00",
        "end-time": "2025-12-09T15:11:11.0035504+03:00",
        "duration": 126518200
      }
    ]
  },
  "analysis": {
    "configuration": {}
  }
}
